Москва;Арбат;Басманный;Беговой;Бескудниковский;Бибирево;Бирюлево Восточное;Бирюлево Западное;Богородское;Братеево;Бутово Северное;Бутово Южное
Санкт-Петербург;Адмиралтейский;Василеостровский;Выборгский;Калининский;Кировский;Колпинский;Красногвардейский;Красносельский;Кронштадтский;Курортный;Московский
Новосибирск;Железнодорожный;Заельцовский;Калининский;Кировский;Ленинский;Октябрьский;Первомайский;Советский;Центральный
Екатеринбург;Верх-Исетский;Железнодорожный;Кировский;Ленинский;Октябрьский;Орджоникидзевский;Чкаловский
Казань;Авиастроительный;Вахитовский;Кировский;Московский;Ново-Савиновский;Приволжский;Советский
Нижний Новгород;Автозаводский;Канавинский;Ленинский;Московский;Нижегородский;Приокский;Советский;Сормовский
Челябинск;Курчатовский;Ленинский;Металлургический;Советский;Центральный;Калининский;Тракторозаводский
Омск;Центральный;Советский;Октябрьский;Кировский;Ленинский
Самара;Железнодорожный;Кировский;Красноглинский;Куйбышевский;Ленинский;Октябрьский;Промышленный;Самарский;Советский
Ростов-на-Дону;Ворошиловский;Железнодорожный;Кировский;Ленинский;Октябрьский;Первомайский;Пролетарский;Советский
Уфа;Демский;Калининский;Кировский;Ленинский;Октябрьский;Орджоникидзевский;Советский
Красноярск;Железнодорожный;Кировский;Ленинский;Октябрьский;Советский;Свердловский;Центральный
Воронеж;Железнодорожный;Коминтерновский;Ленинский;Левобережный;Советский;Центральный
Пермь;Дзержинский;Индустриальный;Кировский;Ленинский;Мотовилихинский;Орджоникидзевский;Свердловский
Волгоград;Ворошиловский;Дзержинский;Красноармейский;Краснооктябрьский;Кировский;Советский;Тракторозаводский;Центральный
Краснодар;Западный;Карасунский;Прикубанский;Центральный
Тольятти;Автозаводский;Комсомольский;Центральный
Ижевск;Индустриальный;Ленинский;Октябрьский;Первомайский;Устиновский
Ульяновск;Железнодорожный;Засвияжский;Ленинский;Засвияжский
Барнаул;Железнодорожный;Индустриальный;Ленинский;Октябрьский;Центральный
Владивосток;Первомайский;Первореченский;Советский;Фрунзенский;Ленинский
Ярославль;Заволжский;Кировский;Красноперекопский;Ленинский;Фрунзенский;Дзержинский
Иркутск;Октябрьский;Правобережный;Свердловский;Ленинский
Тюмень;Восточный;Калининский;Ленинский;Центральный
Махачкала;Кировский;Ленинский;Советский
Хабаровск;Железнодорожный;Индустриальный;Центральный;Краснофлотский;Кировский
Оренбург;Дзержинский;Ленинский;Промышленный;Центральный
Новокузнецк;Заводской;Кузнецкий;Куйбышевский;Новоильинский;Орджоникидзевский;Центральный
Кемерово;Заводский;Кировский;Ленинский;Рудничный;Центральный
Рязань;Железнодорожный;Московский;Октябрьский;Советский
Томск;Кировский;Ленинский;Октябрьский;Советский
Астрахань;Кировский;Ленинский;Советский;Трусовский
Пенза;Железнодорожный;Ленинский;Октябрьский;Первомайский
Липецк;Железнодорожный;Левобережный;Октябрьский;Правобережный;Советский
Киров;Ленинский;Октябрьский;Первомайский
Чебоксары;Калининский;Ленинский;Московский
Тула;Зареченский;Привокзальный;Пролетарский;Советский;Центральный
Курск;Центральный;Железнодорожный;Сеймский
Севастополь;Балаклавский;Гагаринский;Ленинский;Нахимовский
Донецк;Ворошиловский;Калининский;Киевский;Кировский;Куйбышевский;Ленинский;Петровский;Пролетарский
Луганск;Жовтневый;Каменнобродский;Ленинский;Артемовский
Макеевка;Гвардейский;Кировский;Советский;Центрально-Городской;Червоногвардейский
Горловка;Центрально-Городской;Калининский;Никитовский
Мариуполь;Ильичевский;Жовтневый;Орджоникидзевский;Приморский