Торт "Наполеон";Торт
Торт "Черный принц";Торт
Торт "Прага";Торт
Торт "Медовик";Торт
Торт "Птичье молоко";Торт
Торт "Красный бархат";Торт
Торт "Сметанник";Торт
Торт "Тирамису";Торт
Торт "Чизкейк";Торт
Торт "Шоколадный";Торт
Торт "Фруктовый";Торт
Торт "Ореховый";Торт
Торт "Морковный";Торт
Торт "Лимонный";Торт
Торт "Кофейный";Торт
Торт "Мятный";Торт
Торт "Ванильный";Торт
Торт "Ягодный";Торт
Торт "Карамельный";Торт
Торт "Кокосовый";Торт
Печенье "Орео";Печенье
Печенье "Шоколадное";Печенье
Печенье "Ванильное";Печенье
Печенье "Имбирное";Печенье
Печенье "Овсяное";Печенье
Печенье "Песочное";Печенье
Печенье "С орехами";Печенье
Печенье "С изюмом";Печенье
Печенье "С шоколадной крошкой";Печенье
Печенье "С цукатами";Печенье
Печенье "С медом";Печенье
Печенье "С корицей";Печенье
Печенье "С кокосом";Печенье
Печенье "С лимоном";Печенье
Печенье "С мятой";Печенье
Печенье "С ягодами";Печенье
Печенье "С карамелью";Печенье
Печенье "С кофе";Печенье
Печенье "С ванилью";Печенье
Печенье "С фруктами";Печенье
Кекс "Шоколадный";Кекс
Кекс "Ванильный";Кекс
Кекс "Фруктовый";Кекс
Кекс "Ореховый";Кекс
Кекс "Медовый";Кекс
Кекс "Морковный";Кекс
Кекс "Лимонный";Кекс
Кекс "С изюмом";Кекс
Кекс "С цукатами";Кекс
Кекс "С кокосом";Кекс
Кекс "С ягодами";Кекс
Кекс "С карамелью";Кекс
Кекс "С кофе";Кекс
Кекс "С мятой";Кекс
Кекс "С корицей";Кекс
Кекс "С шоколадной крошкой";Кекс
Кекс "С фруктами";Кекс
Кекс "С медом";Кекс
Кекс "С орехами";Кекс
Кекс "С ванилью";Кекс
Конфета "Карамельная";Конфета
Конфета "Шоколадная";Конфета
Конфета "Фруктовая";Конфета
Конфета "Ореховая";Конфета
Конфета "Молочная";Конфета
Конфета "Мятная";Конфета
Конфета "Карамель с орехами";Конфета
Конфета "Шоколад с орехами";Конфета
Конфета "Фруктовая с орехами";Конфета
Конфета "С изюмом";Конфета
Конфета "С цукатами";Конфета
Конфета "С медом";Конфета
Конфета "С корицей";Конфета
Конфета "С лимоном";Конфета
Конфета "С мятой";Конфета
Конфета "С кокосом";Конфета
Конфета "С ягодами";Конфета
Конфета "С карамелью";Конфета
Конфета "С кофе";Конфета
Конфета "С ванилью";Конфета
Пирожное "Шоколадное";Пирожное
Пирожное "Ванильное";Пирожное
Пирожное "Фруктовое";Пирожное
Пирожное "Ореховое";Пирожное
Пирожное "Медовое";Пирожное
Пирожное "Морковное";Пирожное
Пирожное "Лимонное";Пирожное
Пирожное "С изюмом";Пирожное
Пирожное "С цукатами";Пирожное
Пирожное "С кокосом";Пирожное
Пирожное "С ягодами";Пирожное
Пирожное "С карамелью";Пирожное
Пирожное "С кофе";Пирожное
Пирожное "С мятой";Пирожное
Пирожное "С корицей";Пирожное
Пирожное "С шоколадной крошкой";Пирожное
Пирожное "С фруктами";Пирожное
Пирожное "С медом";Пирожное
Пирожное "С орехами";Пирожное
Пирожное "С ванилью";Пирожное
Маффин "Шоколадный";Маффин
Маффин "Ванильный";Маффин
Маффин "Фруктовый";Маффин
Маффин "Ореховый";Маффин
Маффин "Медовый";Маффин
Маффин "Морковный";Маффин
Маффин "Лимонный";Маффин
Маффин "С изюмом";Маффин
Маффин "С цукатами";Маффин
Маффин "С кокосом";Маффин
Маффин "С ягодами";Маффин
Маффин "С карамелью";Маффин
Маффин "С кофе";Маффин
Маффин "С мятой";Маффин
Маффин "С корицей";Маффин
Маффин "С шоколадной крошкой";Маффин
Маффин "С фруктами";Маффин
Маффин "С медом";Маффин
Маффин "С орехами";Маффин
Маффин "С ванилью";Маффин
Зефир "Ванильный";Зефир
Зефир "Фруктовый";Зефир
Зефир "Ореховый";Зефир
Зефир "Медовый";Зефир
Зефир "Морковный";Зефир
Зефир "Лимонный";Зефир
Зефир "С изюмом";Зефир
Зефир "С цукатами";Зефир
Зефир "С кокосом";Зефир
Зефир "С ягодами";Зефир
Зефир "С карамелью";Зефир
Зефир "С кофе";Зефир
Зефир "С мятой";Зефир
Зефир "С корицей";Зефир
Зефир "С шоколадной крошкой";Зефир
Зефир "С фруктами";Зефир
Зефир "С медом";Зефир
Зефир "С орехами";Зефир
Зефир "С ванилью";Зефир
Мармелад "Фруктовый";Мармелад
Мармелад "Ягодный";Мармелад
Мармелад "Цитрусовый";Мармелад
Мармелад "Ореховый";Мармелад
Мармелад "Медовый";Мармелад
Мармелад "Морковный";Мармелад
Мармелад "Лимонный";Мармелад
Мармелад "С изюмом";Мармелад
Мармелад "С цукатами";Мармелад
Мармелад "С кокосом";Мармелад
Мармелад "С ягодами";Мармелад
Мармелад "С карамелью";Мармелад
Мармелад "С кофе";Мармелад
Мармелад "С мятой";Мармелад
Мармелад "С корицей";Мармелад
Мармелад "С шоколадной крошкой";Мармелад
Мармелад "С фруктами";Мармелад
Мармелад "С медом";Мармелад
Мармелад "С орехами";Мармелад
Мармелад "С ванилью";Мармелад
Пастила "Фруктовая";Пастила
Пастила "Ягодная";Пастила
Пастила "Цитрусовая";Пастила
Пастила "Ореховая";Пастила
Пастила "Медовая";Пастила
Пастила "Морковная";Пастила
Пастила "Лимонная";Пастила
Пастила "С изюмом";Пастила
Пастила "С цукатами";Пастила
Пастила "С кокосом";Пастила
Пастила "С ягодами";Пастила
Пастила "С карамелью";Пастила
Пастила "С кофе";Пастила
Пастила "С мятой";Пастила
Пастила "С корицей";Пастила
Пастила "С шоколадной крошкой";Пастила
Пастила "С фруктами";Пастила
Пастила "С медом";Пастила
Пастила "С орехами";Пастила
Пастила "С ванилью";Пастила
Шоколад "Молочный";Шоколад
Шоколад "Темный";Шоколад
Шоколад "Белый";Шоколад
Шоколад "С орехами";Шоколад
Шоколад "С изюмом";Шоколад
Шоколад "С цукатами";Шоколад
Шоколад "С мятой";Шоколад
Шоколад "С апельсином";Шоколад
Шоколад "С карамелью";Шоколад
Шоколад "С клубникой";Шоколад
Шоколад "С малиной";Шоколад
Шоколад "С черникой";Шоколад
Шоколад "С кокосом";Шоколад
Шоколад "С кофе";Шоколад
Шоколад "С корицей";Шоколад
Шоколад "С ванилью";Шоколад
Шоколад "С лимоном";Шоколад
Шоколад "С медом";Шоколад
Шоколад "С орехами и изюмом";Шоколад
Шоколад "С орехами и цукатами";Шоколад
Карамель "С орехами";Карамель
Карамель "С фруктами";Карамель
Карамель "С мятой";Карамель
Карамель "С лимоном";Карамель
Карамель "С медом";Карамель
Карамель "С морковью";Карамель
Карамель "С цукатами";Карамель
Карамель "С изюмом";Карамель
Карамель "С шоколадом";Карамель
Карамель "С клубникой";Карамель
Карамель "С малиной";Карамель
Карамель "С черникой";Карамель
Карамель "С кокосом";Карамель
Карамель "С кофе";Карамель
Карамель "С корицей";Карамель
Карамель "С ванилью";Карамель
Карамель "С апельсином";Карамель
Карамель "С мятой и лимоном";Карамель
Карамель "С медом и орехами";Карамель
Карамель "С орехами и изюмом";Карамель
Пирог "Яблочный";Пирог
Пирог "Вишневый";Пирог
Пирог "Малиновый";Пирог
Пирог "Черничный";Пирог
Пирог "Ореховый";Пирог
Пирог "Медовый";Пирог
Пирог "Морковный";Пирог
Пирог "Лимонный";Пирог
Пирог "С цукатами";Пирог
Пирог "С изюмом";Пирог
Пирог "С клубникой";Пирог
Пирог "С малиной";Пирог
Пирог "С черникой";Пирог
Пирог "С кокосом";Пирог
Пирог "С кофе";Пирог
Пирог "С корицей";Пирог
Пирог "С ванилью";Пирог
Пирог "С апельсином";Пирог
Пирог "С мятой";Пирог
Пирог "С медом и орехами";Пирог
Пахлава "Турецкая";Пахлава
Пахлава "Греческая";Пахлава
Пахлава "Ореховая";Пахлава
Пахлава "Фруктовая";Пахлава
Пахлава "Медовая";Пахлава
Пахлава "Морковная";Пахлава
Пахлава "Лимонная";Пахлава
Пахлава "С цукатами";Пахлава
Пахлава "С изюмом";Пахлава
Пахлава "С клубникой";Пахлава
Пахлава "С малиной";Пахлава
Пахлава "С черникой";Пахлава
Пахлава "С кокосом";Пахлава
Пахлава "С кофе";Пахлава
Пахлава "С корицей";Пахлава
Пахлава "С ванилью";Пахлава
Пахлава "С апельсином";Пахлава
Пахлава "С мятой";Пахлава
Пахлава "С медом и орехами";Пахлава
Пахлава "С орехами и изюмом";Пахлава
Эклер "Шоколадный";Эклер
Эклер "Ванильный";Эклер
Эклер "Фруктовый";Эклер
Эклер "Ореховый";Эклер
Эклер "Медовый";Эклер
Эклер "Морковный";Эклер
Эклер "Лимонный";Эклер
Эклер "С изюмом";Эклер
Эклер "С цукатами";Эклер
Эклер "С кокосом";Эклер
Эклер "С ягодами";Эклер
Эклер "С карамелью";Эклер
Эклер "С кофе";Эклер
Эклер "С мятой";Эклер
Эклер "С корицей";Эклер
Эклер "С шоколадной крошкой";Эклер
Эклер "С фруктами";Эклер
Эклер "С медом";Эклер
Эклер "С орехами";Эклер
Эклер "С ванилью";Эклер
Профитроли "Шоколадные";Профитроли
Профитроли "Ванильные";Профитроли
Профитроли "Фруктовые";Профитроли
Профитроли "Ореховые";Профитроли
Профитроли "Медовые";Профитроли
Профитроли "Морковные";Профитроли
Профитроли "Лимонные";Профитроли
Профитроли "С изюмом";Профитроли
Профитроли "С цукатами";Профитроли
Профитроли "С кокосом";Профитроли
Профитроли "С ягодами";Профитроли
Профитроли "С карамелью";Профитроли
Профитроли "С кофе";Профитроли
Профитроли "С мятой";Профитроли
Профитроли "С корицей";Профитроли
Профитроли "С шоколадной крошкой";Профитроли
Профитроли "С фруктами";Профитроли
Профитроли "С медом";Профитроли
Профитроли "С орехами";Профитроли
Профитроли "С ванилью";Профитроли
Брауни "Шоколадные";Брауни
Брауни "Ванильные";Брауни
Брауни "Фруктовые";Брауни
Брауни "Ореховые";Брауни
Брауни "Медовые";Брауни
Брауни "Морковные";Брауни
Брауни "Лимонные";Брауни
Брауни "С изюмом";Брауни
Брауни "С цукатами";Брауни
Брауни "С кокосом";Брауни
Брауни "С ягодами";Брауни
Брауни "С карамелью";Брауни
Брауни "С кофе";Брауни
Брауни "С мятой";Брауни
Чизкейк "Нью-Йорк";Чизкейк
Чизкейк "Клубничный";Чизкейк
Чизкейк "Шоколадный";Чизкейк
Чизкейк "Лимонный";Чизкейк
Чизкейк "Малиновый";Чизкейк
Тирамису "Классическое";Тирамису
Тирамису "Карамельное";Тирамису
Тирамису "Кофейное";Тирамису
Тирамису "Шоколадно-ореховое";Тирамису
Тирамису "Клубничное";Тирамису
Бисквит "Ванильный";Бисквит
Бисквит "Шоколадный";Бисквит
Бисквит "Кофейный";Бисквит
Бисквит "Лимонный";Бисквит
Бисквит "Медовый";Бисквит
Круассан "Классический";Круассан
Круассан "Шоколадный";Круассан
Круассан "Миндальный";Круассан
Круассан "С маслом";Круассан
Круассан "С клубникой";Круассан
Рулет "Малиновый";Рулет
Рулет "Шоколадный";Рулет
Рулет "Клубничный";Рулет
Рулет "Лимонный";Рулет
Рулет "Ореховый";Рулет
Пончик "Классический";Пончик
Пончик "Шоколадный";Пончик
Пончик "Карамельный";Пончик
Пончик "Клубничный";Пончик
Пончик "Лимонный";Пончик
Марципан "Классический";Марципан
Марципан "Шоколадный";Марципан
Марципан "Ореховый";Марципан
Панна-котта "Классическая";Панна-котта
Панна-котта "Клубничная";Панна-котта
Панна-котта "Шоколадная";Панна-котта
Панна-котта "Карамельная";Панна-котта
Пудинг "Шоколадный";Пудинг
Пудинг "Ванильный";Пудинг
Пудинг "Карамельный";Пудинг
Пудинг "Рисовый";Пудинг
Бланманже "Классическое";Бланманже
Бланманже "Клубничное";Бланманже
Бланманже "Шоколадное";Бланманже
Флан "Классический";Флан
Флан "Карамельный";Флан
Крем-брюле "Классическое";Крем-брюле
Крем-брюле "Шоколадное";Крем-брюле
Крем-брюле "Кофейное";Крем-брюле
Трюфель "Классический";Трюфель
Трюфель "Карамельный";Трюфель
Трюфель "Ореховый";Трюфель
Мадлен "Классическая";Мадлен
Мадлен "Лимонная";Мадлен
Меренга "Классическая";Меренга
Меренга "Клубничная";Меренга
Меренга "Лимонная";Меренга
Тарталетка "Фруктовая";Тарталетка
Тарталетка "Шоколадная";Тарталетка
Фондан "Шоколадный";Фондан
Фондан "Карамельный";Фондан
Клафути "С вишней";Клафути
Клафути "С малиной";Клафути
Мильфей "Классический";Мильфей
Мильфей "Шоколадный";Мильфей
Галета "С яблоками";Галета
Галета "С ягодами";Галета
Мусс "Шоколадный";Мусс
Мусс "Клубничный";Мусс
Чизкейк "Нью-Йорк";Чизкейк
Чизкейк "Клубничный";Чизкейк
Чизкейк "Шоколадный";Чизкейк
Чизкейк "Лимонный";Чизкейк
Чизкейк "Малиновый";Чизкейк
Тирамису "Классическое";Тирамису
Тирамису "Карамельное";Тирамису
Тирамису "Кофейное";Тирамису
Тирамису "Шоколадно-ореховое";Тирамису
Тирамису "Клубничное";Тирамису
Бисквит "Ванильный";Бисквит
Бисквит "Шоколадный";Бисквит
Бисквит "Кофейный";Бисквит
Бисквит "Лимонный";Бисквит
Бисквит "Медовый";Бисквит
Круассан "Классический";Круассан
Круассан "Шоколадный";Круассан
Круассан "Миндальный";Круассан
Круассан "С маслом";Круассан
Круассан "С клубникой";Круассан
Рулет "Малиновый";Рулет
Рулет "Шоколадный";Рулет
Рулет "Клубничный";Рулет
Рулет "Лимонный";Рулет
Рулет "Ореховый";Рулет
Пончик "Классический";Пончик
Пончик "Шоколадный";Пончик
Пончик "Карамельный";Пончик
Пончик "Клубничный";Пончик
Пончик "Лимонный";Пончик
Марципан "Классический";Марципан
Марципан "Шоколадный";Марципан
Марципан "Ореховый";Марципан
Панна-котта "Классическая";Панна-котта
Панна-котта "Клубничная";Панна-котта
Панна-котта "Шоколадная";Панна-котта
Панна-котта "Карамельная";Панна-котта
Пудинг "Шоколадный";Пудинг
Пудинг "Ванильный";Пудинг
Пудинг "Карамельный";Пудинг
Пудинг "Рисовый";Пудинг
Бланманже "Классическое";Бланманже
Бланманже "Клубничное";Бланманже
Бланманже "Шоколадное";Бланманже
Флан "Классический";Флан
Флан "Карамельный";Флан
Крем-брюле "Классическое";Крем-брюле
Крем-брюле "Шоколадное";Крем-брюле
Крем-брюле "Кофейное";Крем-брюле
Трюфель "Классический";Трюфель
Трюфель "Карамельный";Трюфель
Трюфель "Ореховый";Трюфель
Мадлен "Классическая";Мадлен
Мадлен "Лимонная";Мадлен
Меренга "Классическая";Меренга
Меренга "Клубничная";Меренга
Меренга "Лимонная";Меренга
Тарталетка "Фруктовая";Тарталетка
Тарталетка "Шоколадная";Тарталетка
Фондан "Шоколадный";Фондан
Фондан "Карамельный";Фондан
Клафути "С вишней";Клафути
Клафути "С малиной";Клафути
Мильфей "Классический";Мильфей
Мильфей "Шоколадный";Мильфей
Галета "С яблоками";Галета
Галета "С ягодами";Галета
Мусс "Шоколадный";Мусс
Мусс "Клубничный";Мусс